Fantasy Index Cheat Sheet,,,,,,,,,,,,,,
Rankings calculated for Ohio Outcasts,,,,,,,,,,,,,,
,,,,,,,,,,,,,,
"Projections updated through Sep 07, 2026,  8 p.m. EDT",,,,,,,,,,,,,,
ALL POSITIONS,,,,,,,,,,,,,,
Rank,Pos,Team,Name,Bye,Points,,,,,,,,,
1,QB,BUF,Josh Allen,7,373.29,,,,,,,,,
2,RB,DET,Jahmyr Gibbs,6,344.16,,,,,,,,,
3,RB,ATL,Bijan Robinson,11,331.21,,,,,,,,,
4,QB,BAL,Lamar Jackson,13,320.7,,,,,,,,,
5,RB,IND,Jonathan Taylor,13,312.56,,,,,,,,,
6,QB,CIN,Joe Burrow,6,317.69,,,,,,,,,
7,QB,NE,Drake Maye,11,310.99,,,,,,,,,
8,WR,SEA,Jaxon Smith-Njigba,11,248.18,,,,,,,,,
9,QB,PHI,Jalen Hurts,10,326.92,,,,,,,,,
10,QB,CHI,Caleb Williams,10,320.5,,,,,,,,,
11,RB,BUF,James Cook,7,324.16,,,,,,,,,
12,RB,BAL,Derrick Henry,13,309.68,,,,,,,,,
13,RB,SF,Christian McCaffrey,8,264.72,,,,,,,,,
14,RB,PHI,Saquon Barkley,10,273.37,,,,,,,,,
15,WR,CIN,Ja'Marr Chase,6,246.11,,,,,,,,,
16,WR,LAR,Puka Nacua,11,240.73,,,,,,,,,
17,QB,WAS,Jayden Daniels,7,305.5,,,,,,,,,
18,RB,CIN,Chase Brown,6,269.46,,,,,,,,,
19,RB,MIA,DeVon Achane,6,263.16,,,,,,,,,
20,RB,KC,Kenneth Walker,5,256.1,,,,,,,,,
21,RB,LAR,Kyren Williams,11,248.68,,,,,,,,,
22,WR,DET,Amon-Ra St.Brown,6,235.92,,,,,,,,,
23,WR,DAL,CeeDee Lamb,14,228.93,,,,,,,,,
24,WR,MIN,Justin Jefferson,6,216.05,,,,,,,,,
25,RB,CHI,D'Andre Swift,10,236.65,,,,,,,,,
26,RB,DAL,Javonte Williams,14,228.08,,,,,,,,,
27,RB,NO,Travis Etienne,8,238.6,,,,,,,,,
28,RB,LV,Ashton Jeanty,13,225.8,,,,,,,,,
29,WR,DAL,George Pickens,14,214.26,,,,,,,,,
30,WR,ATL,Drake London,11,189.28,,,,,,,,,
31,WR,HOU,Nico Collins,8,204.61,,,,,,,,,
32,TE,LV,Brock Bowers,13,175.9,,,,,,,,,
33,QB,JAC,Trevor Lawrence,7,312.45,,,,,,,,,
34,QB,DAL,Dak Prescott,14,304.8,,,,,,,,,
35,RB,SEA,Jadarian Price,11,221.17,,,,,,,,,
36,WR,NO,Chris Olave,8,196.98,,,,,,,,,
37,WR,KC,Rashee Rice,5,161.07,,,,,,,,,
38,TE,ARI,Trey McBride,14,190.1,,,,,,,,,
39,WR,NYG,Malik Nabers,8,188.94,,,,,,,,,
40,WR,PHI,DeVonta Smith,10,198.71,,,,,,,,,
41,QB,LAC,Justin Herbert,7,297.78,,,,,,,,,
42,RB,LAC,Omarion Hampton,7,220.89,,,,,,,,,
43,RB,NYG,Cam Skattebo,8,200.82,,,,,,,,,
44,RB,CLE,Quinshon Judkins,11,217.4,,,,,,,,,
45,WR,CIN,Tee Higgins,6,185.23,,,,,,,,,
46,WR,CAR,Tetairoa McMillan,5,186.81,,,,,,,,,
47,TE,CHI,Colston Loveland,10,167.64,,,,,,,,,
48,TE,GB,Tucker Kraft,11,150.27,,,,,,,,,
49,QB,SF,Brock Purdy,8,307.7,,,,,,,,,
50,QB,KC,Patrick Mahomes,5,296.78,,,,,,,,,
51,QB,LAR,Matthew Stafford,11,294.96,,,,,,,,,
52,QB,DET,Jared Goff,6,295.76,,,,,,,,,
53,RB,PIT,Rico Dowdle,9,210.54,,,,,,,,,
54,RB,NYJ,Breece Hall,13,223.88,,,,,,,,,
55,RB,TB,Bucky Irving,10,182.91,,,,,,,,,
56,WR,NE,A.J. Brown,11,158.6,,,,,,,,,
57,QB,NYG,Jaxson Dart,8,293.26,,,,,,,,,
58,QB,DEN,Bo Nix,10,312.83,,,,,,,,,
59,RB,NE,Rhamondre Stevenson,11,191.78,,,,,,,,,
60,WR,BAL,Zay Flowers,13,182.14,,,,,,,,,
61,WR,LAC,Ladd McConkey,7,184.16,,,,,,,,,
62,WR,TB,Emeka Egbuka,10,153.71,,,,,,,,,
63,WR,BUF,DJ Moore,7,189.98,,,,,,,,,
64,TE,SF,George Kittle,8,145.47,,,,,,,,,
65,QB,TB,Baker Mayfield,10,280.89,,,,,,,,,
66,RB,ARI,Jeremiyah Love,14,194.14,,,,,,,,,
67,RB,HOU,David Montgomery,8,193.46,,,,,,,,,
68,RB,GB,MarShawn Lloyd,11,181.69,,,,,,,,,
69,WR,NYJ,Garrett Wilson,13,179.7,,,,,,,,,
70,WR,WAS,Terry McLaurin,7,168.67,,,,,,,,,
71,WR,DET,Jameson Williams,6,174.11,,,,,,,,,
72,TE,DET,Sam LaPorta,6,137.41,,,,,,,,,
73,QB,GB,Jordan Love,11,275,,,,,,,,,
74,RB,JAC,Bhayshul Tuten,7,199.42,,,,,,,,,
75,RB,TEN,Tony Pollard,9,174.65,,,,,,,,,
76,WR,GB,Christian Watson,11,171.75,,,,,,,,,
77,WR,JAC,Parker Washington,7,171.79,,,,,,,,,
78,WR,LAR,Davante Adams,11,168.27,,,,,,,,,
79,WR,CHI,Luther Burden,10,183.27,,,,,,,,,
80,WR,CHI,Rome Odunze,10,168.3,,,,,,,,,
81,QB,NO,Tyler Shough,8,276.9,,,,,,,,,
82,QB,MIN,Kyler Murray,6,271.82,,,,,,,,,
83,RB,MIN,Jordan Mason,6,174.31,,,,,,,,,
84,RB,LAR,Blake Corum,11,169.13,,,,,,,,,
85,WR,DEN,Jaylen Waddle,10,173.89,,,,,,,,,
86,WR,ARI,Michael Wilson,14,153.51,,,,,,,,,
87,WR,JAC,Brian Thomas,7,149.36,,,,,,,,,
88,WR,ARI,Marvin Harrison,14,149.16,,,,,,,,,
89,QB,MIA,Malik Willis,6,255.96,,,,,,,,,
90,RB,DEN,J.K. Dobbins,10,168.56,,,,,,,,,
91,RB,PIT,Jaylen Warren,9,161.93,,,,,,,,,
92,RB,TB,Kenneth Gainwell,10,157.29,,,,,,,,,
93,WR,MIN,Jordan Addison,6,149.07,,,,,,,,,
94,WR,SF,Mike Evans,8,146.78,,,,,,,,,
95,WR,PIT,DK Metcalf,9,154.49,,,,,,,,,
96,TE,CLE,Harold Fannin,11,136.29,,,,,,,,,
97,QB,HOU,C.J. Stroud,8,252.14,,,,,,,,,
98,DST,HOU,Houston,8,180.21,,,,,,,,,
99,DST,LAR,LA Rams,11,172.54,,,,,,,,,
100,RB,CAR,Chuba Hubbard,5,156.7,,,,,,,,,
101,RB,JAC,Chris Rodriguez,7,150.21,,,,,,,,,
102,WR,DEN,Courtland Sutton,10,141.77,,,,,,,,,
103,WR,GB,Jayden Reed,11,124.13,,,,,,,,,
104,TE,IND,Tyler Warren,13,133.5,,,,,,,,,
105,QB,TEN,Cam Ward,9,249,,,,,,,,,
106,DST,SEA,Seattle,11,171.11,,,,,,,,,
107,DST,DEN,Denver,10,167.69,,,,,,,,,
108,RB,HOU,Woody Marks,8,149.49,,,,,,,,,
109,RB,NE,TreVeyon Henderson,11,138.07,,,,,,,,,
110,WR,IND,Alec Pierce,13,136.36,,,,,,,,,
111,WR,GB,Matthew Golden,11,128.29,,,,,,,,,
112,WR,CAR,Jalen Coker,5,134.06,,,,,,,,,
113,DST,PIT,Pittsburgh,9,156.94,,,,,,,,,
114,K,DAL,Brandon Aubrey,14,154.4,,,,,,,,,
115,K,LAC,Cameron Dicker,7,151.67,,,,,,,,,
116,K,HOU,Ka'imi Fairbairn,8,148.09,,,,,,,,,
117,K,JAC,Cam Little,7,145.39,,,,,,,,,
118,RB,CAR,Jonathon Brooks,5,143.23,,,,,,,,,
119,RB,GB,Josh Jacobs,11,142.74,,,,,,,,,
120,WR,CLE,Jerry Jeudy,11,129.3,,,,,,,,,
121,DST,MIN,Minnesota,6,150.29,,,,,,,,,
122,DST,NE,New England,11,149.24,,,,,,,,,
123,DST,PHI,Philadelphia,10,147.88,,,,,,,,,
124,K,SEA,Jason Myers,11,142.8,,,,,,,,,
125,DST,BUF,Buffalo,7,142.79,,,,,,,,,
126,K,MIN,Will Reichard,6,141.8,,,,,,,,,
127,K,CHI,Cairo Santos,10,139.12,,,,,,,,,
128,K,LAR,Harrison Mevis,11,138.12,,,,,,,,,
129,QB,CAR,Bryce Young,5,245.48,,,,,,,,,
130,QB,IND,Daniel Jones,13,241.24,,,,,,,,,
131,QB,ARI,Jacoby Brissett,14,226.98,,,,,,,,,
132,QB,LV,Kirk Cousins,13,225.09,,,,,,,,,
133,QB,PIT,Aaron Rodgers,9,215.17,,,,,,,,,
134,QB,NYJ,Geno Smith,13,200.14,,,,,,,,,
135,QB,SEA,Sam Darnold,11,197.16,,,,,,,,,
136,QB,CLE,Deshaun Watson,11,165.29,,,,,,,,,
137,RB,CHI,Kyle Monangai,10,142.78,,,,,,,,,
138,QB,ATL,Michael Penix,11,140.89,,,,,,,,,
139,RB,WAS,Jacory Croskey-Merritt,7,139.94,,,,,,,,,
140,RB,LV,Mike Washington,13,136.91,,,,,,,,,
141,RB,DEN,RJ Harvey,10,134.68,,,,,,,,,
142,TE,PHI,Dallas Goedert,10,131.45,,,,,,,,,
143,RB,ARI,Tyler Allgeier,14,130.94,,,,,,,,,
144,TE,BUF,Dalton Kincaid,7,129.95,,,,,,,,,
145,QB,LV,Fernando Mendoza,13,128.79,,,,,,,,,
146,WR,TB,Chris Godwin,10,124.9,,,,,,,,,
147,WR,MIA,Caleb Douglas,6,123.67,,,,,,,,,
148,TE,NE,Hunter Henry,11,120.56,,,,,,,,,
149,WR,WAS,Stefon Diggs,8,123.29,,,,,,,,,
150,WR,TEN,Wan'Dale Robinson,9,122.84,,,,,,,,,
151,WR,BAL,Ja'Kobi Lane,13,121.21,,,,,,,,,
152,TE,ATL,Kyle Pitts,11,122.35,,,,,,,,,
153,RB,BUF,Ray Davis,7,119.29,,,,,,,,,
154,TE,DAL,Jake Ferguson,14,118.89,,,,,,,,,
155,WR,JAC,Jakobi Meyers,7,118.69,,,,,,,,,
156,WR,LAC,Quentin Johnston,7,118.48,,,,,,,,,
157,TE,WAS,Chig Okonkwo,7,116.49,,,,,,,,,
158,TE,BAL,Mark Andrews,13,116.14,,,,,,,,,
159,WR,KC,Xavier Worthy,5,116.04,,,,,,,,,
160,RB,ATL,Brian Robinson,11,115.7,,,,,,,,,
161,TE,NO,Juwan Johnson,8,115.16,,,,,,,,,
162,WR,SF,Deebo Samuel,8,114.7,,,,,,,,,
163,WR,SF,De'Zhaun Stribling,8,114.61,,,,,,,,,
164,TE,NYG,Isaiah Likely,8,120.67,,,,,,,,,
165,TE,MIA,Greg Dulcich,6,114.13,,,,,,,,,
166,WR,SEA,Rashid Shaheed,11,108.99,,,,,,,,,
167,WR,PIT,Michael Pittman,9,113.16,,,,,,,,,
168,RB,KC,Emmett Johnson,5,112.01,,,,,,,,,
169,WR,TEN,Carnell Tate,9,111.66,,,,,,,,,
170,RB,NYJ,Braelon Allen,13,110.9,,,,,,,,,
171,RB,SEA,Zach Charbonnet,11,110.34,,,,,,,,,
172,TE,HOU,Dalton Schultz,8,109.66,,,,,,,,,
173,TE,MIN,T.J. Hockenson,6,107.22,,,,,,,,,
174,TE,SEA,AJ Barner,11,108.92,,,,,,,,,
175,WR,PHI,Dontayvion Wicks,10,108.29,,,,,,,,,
176,TE,PIT,Pat Freiermuth,9,108.21,,,,,,,,,
177,WR,CLE,Denzel Boston,11,107.62,,,,,,,,,
178,RB,DAL,Malik Davis,14,106.82,,,,,,,,,
179,RB,GB,Chris Brooks,11,118.56,,,,,,,,,
180,WR,NE,Romeo Doubs,11,77.98,,,,,,,,,
181,WR,CLE,KC Concepcion,11,104.95,,,,,,,,,
182,TE,JAC,Brenton Strange,7,104.86,,,,,,,,,
183,WR,IND,Josh Downs,13,104.26,,,,,,,,,
184,TE,KC,Travis Kelce,5,103.34,,,,,,,,,
185,WR,LV,Jalen Nailor,13,102.15,,,,,,,,,
186,RB,WAS,Rachaad White,7,101.67,,,,,,,,,
187,WR,NO,Devaughn Vele,8,100.02,,,,,,,,,
188,WR,HOU,Kayshon Boutte,8,99.84,,,,,,,,,
189,WR,DEN,Pat Bryant,10,79.81,,,,,,,,,
190,TE,TEN,Gunnar Helm,9,99.47,,,,,,,,,
191,RB,MIN,Aaron Jones,6,98.75,,,,,,,,,
192,TE,TB,Cade Otton,10,95.84,,,,,,,,,
193,RB,TEN,Tyjae Spears,9,94.44,,,,,,,,,
194,TE,CIN,Mike Gesicki,6,94.34,,,,,,,,,
195,RB,DEN,Jonah Coleman,10,94.21,,,,,,,,,
196,WR,BUF,Khalil Shakir,7,92.54,,,,,,,,,
197,WR,MIA,Malik Washington,6,87.34,,,,,,,,,
198,WR,TEN,Calvin Ridley,9,91.51,,,,,,,,,
199,TE,LAC,Charlie Kolar,7,90.65,,,,,,,,,
200,RB,SEA,George Holani,11,108.96,,,,,,,,,
201,WR,PHI,Makai Lemon,10,89.52,,,,,,,,,
202,TE,LAR,Terrance Ferguson,11,88.75,,,,,,,,,
203,RB,PHI,Tank Bigsby,10,88.32,,,,,,,,,
204,WR,TB,Jalen McMillan,10,87.75,,,,,,,,,
205,WR,ATL,Jahan Dotson,11,87.3,,,,,,,,,
206,WR,LV,Jack Bech,13,87.1,,,,,,,,,
207,RB,CIN,Samaje Perine,6,87.09,,,,,,,,,
208,RB,IND,Seth McGowan,13,86.98,,,,,,,,,
209,RB,LAC,Keaton Mitchell,7,85.58,,,,,,,,,
210,WR,SEA,Cooper Kupp,11,85.49,,,,,,,,,
211,TE,DEN,Evan Engram,10,84.25,,,,,,,,,
212,TE,NYJ,Mason Taylor,13,83.98,,,,,,,,,
213,WR,NE,DeMario Douglas,11,94.24,,,,,,,,,
214,WR,IND,Keenan Allen,13,82.11,,,,,,,,,
215,WR,NYG,Malachi Fields,8,122.3,,,,,,,,,
216,WR,NE,Kyle Williams,11,78.44,,,,,,,,,
217,RB,BAL,Justice Hill,13,79.58,,,,,,,,,
218,WR,DAL,Ryan Flournoy,14,79.19,,,,,,,,,
219,TE,NYJ,Kenyon Sadiq,13,78.13,,,,,,,,,
220,RB,CLE,Dylan Sampson,11,76.77,,,,,,,,,
221,WR,NYJ,Adonai Mitchell,13,76.56,,,,,,,,,
222,WR,KC,Tyquan Thornton,5,72.28,,,,,,,,,
223,WR,LV,Tre Tucker,13,73.02,,,,,,,,,
224,WR,MIN,Jauan Jennings,6,71.59,,,,,,,,,
225,QB,ATL,Tua Tagovailoa,11,71.57,,,,,,,,,
226,RB,SF,Kaelon Black,8,68.87,,,,,,,,,
227,RB,WAS,Kaytron Allen,7,67.77,,,,,,,,,
228,RB,NO,Alvin Kamara,8,67.1,,,,,,,,,
229,RB,NYG,Najee Harris,8,66.45,,,,,,,,,
230,WR,NYG,Darius Slayton,8,66.05,,,,,,,,,
231,WR,HOU,Jaylin Noel,8,64.77,,,,,,,,,
232,TE,LAR,Colby Parkinson,11,64.27,,,,,,,,,
233,WR,PHI,Hollywood Brown,10,64.27,,,,,,,,,
234,WR,WAS,Antonio Williams,7,64.02,,,,,,,,,
235,WR,BUF,Keon Coleman,7,63.19,,,,,,,,,
236,RB,LAC,Kimani Vidal,7,62.13,,,,,,,,,
237,RB,DET,Jacob Saylors,6,61.23,,,,,,,,,
238,WR,BAL,Rashod Bateman,13,60.96,,,,,,,,,
239,TE,SEA,Elijah Arroyo,11,60.61,,,,,,,,,
240,WR,BAL,Elijah Sarratt,13,60.61,,,,,,,,,
241,RB,MIA,Ollie Gordon,6,60.35,,,,,,,,,
242,WR,CAR,Xavier Legette,5,59.42,,,,,,,,,
243,WR,MIA,Jalen Tolbert,6,41.22,,,,,,,,,
244,WR,JAC,Travis Hunter,7,58.78,,,,,,,,,
245,TE,LAR,Tyler Higbee,11,57.57,,,,,,,,,
246,WR,TEN,Chimere Dike,9,57,,,,,,,,,
247,WR,MIA,Chris Bell,6,73.91,,,,,,,,,
248,TE,LV,Michael Mayer,13,55.9,,,,,,,,,
249,WR,HOU,Xavier Hutchinson,8,55.5,,,,,,,,,
250,TE,PIT,Darnell Washington,9,55.47,,,,,,,,,
251,WR,DET,Isaac TeSlaa,6,54.76,,,,,,,,,
252,WR,DAL,KaVontae Turpin,14,52.9,,,,,,,,,
253,RB,SEA,Emanuel Wilson,11,52.31,,,,,,,,,
254,WR,LAC,Tre Harris,7,51.09,,,,,,,,,
255,TE,LAC,David Njoku,7,50.61,,,,,,,,,
256,RB,NYG,Tyrone Tracy,8,49.86,,,,,,,,,
257,WR,CIN,Andrei Iosivas,6,49.52,,,,,,,,,
258,WR,TB,Ted Hurst,10,49.39,,,,,,,,,
259,WR,DEN,Marvin Mims,10,77.74,,,,,,,,,
260,RB,SF,Jordan James,8,48.46,,,,,,,,,
261,WR,CLE,Isaiah Bond,11,48.24,,,,,,,,,
262,WR,PIT,Roman Wilson,9,48.18,,,,,,,,,
263,RB,MIA,Jaylen Wright,6,48.08,,,,,,,,,
264,WR,NO,Jordyn Tyson,8,47.86,,,,,,,,,
265,QB,CLE,Shedeur Sanders,11,47.38,,,,,,,,,
266,TE,LAC,Oronde Gadsden,7,47.06,,,,,,,,,
267,RB,DET,Isiah Pacheco,6,47.05,,,,,,,,,
268,RB,MIN,Demond Claiborne,6,46.66,,,,,,,,,
269,WR,NO,Barion Brown,8,46.61,,,,,,,,,
270,TE,CAR,Darren Waller,6,46.54,,,,,,,,,
271,RB,BAL,Adam Randall,13,46.54,,,,,,,,,
272,TE,GB,Jonnu Smith,11,45.49,,,,,,,,,
273,RB,TEN,Nicholas Singleton,9,46.04,,,,,,,,,
274,WR,KC,Jalen Royals,5,29.84,,,,,,,,,
275,WR,PIT,Germie Bernard,9,43.91,,,,,,,,,
276,TE,TEN,Daniel Bellinger,9,43.69,,,,,,,,,
277,TE,BUF,Dawson Knox,7,42.67,,,,,,,,,
278,RB,BUF,Ty Johnson,7,42.35,,,,,,,,,
279,WR,CIN,Colbie Young,6,41.86,,,,,,,,,
280,WR,ATL,Zachariah Branch,11,41.4,,,,,,,,,
281,WR,BUF,Skyler Bell,7,40.85,,,,,,,,,
282,RB,KC,Brashard Smith,5,40.56,,,,,,,,,
283,TE,SF,Jake Tonges,8,39.06,,,,,,,,,
284,TE,CAR,Tommy Tremble,5,38.98,,,,,,,,,
285,RB,NYG,Devin Singletary,8,38.72,,,,,,,,,
286,WR,DEN,Troy Franklin,10,37.72,,,,,,,,,
287,TE,UFA,Zach Ertz,0,37.7,,,,,,,,,
288,WR,NYJ,Isaiah Williams,13,37.67,,,,,,,,,
289,WR,LAC,Brenen Thompson,7,37.63,,,,,,,,,
290,TE,KC,Noah Gray,5,37.22,,,,,,,,,
291,RB,NYJ,Isaiah Davis,13,37.07,,,,,,,,,
292,RB,CIN,Tahj Brooks,6,37.02,,,,,,,,,
293,QB,KC,Justin Fields,5,36.89,,,,,,,,,
294,RB,GB,Kaleb Johnson,12,36.52,,,,,,,,,
295,WR,CHI,Kalif Raymond,10,36.49,,,,,,,,,
296,WR,LAR,Konata Mumpfield,11,36.46,,,,,,,,,
297,TE,NO,Noah Fant,8,35.51,,,,,,,,,
298,WR,ATL,Olamide Zaccheaus,11,35.33,,,,,,,,,
299,TE,CHI,Cole Kmet,10,34.5,,,,,,,,,
300,QB,NYG,Jameis Winston,8,33.97,,,,,,,,,
301,RB,IND,DJ Giddens,13,33.89,,,,,,,,,
302,RB,BAL,Rasheen Ali,13,33.17,,,,,,,,,
303,RB,TB,Sean Tucker,10,33.12,,,,,,,,,
304,RB,ARI,James Conner,14,33.01,,,,,,,,,
305,WR,NYJ,Omar Cooper,13,32.76,,,,,,,,,
306,RB,CLE,Raheim Sanders,11,32.52,,,,,,,,,
307,WR,WAS,Luke McCaffrey,7,32.01,,,,,,,,,
308,TE,NYG,Theo Johnson,8,31.96,,,,,,,,,
309,RB,DET,Sione Vaki,6,31.36,,,,,,,,,
310,WR,LAR,Tutu Atwell,11,31.18,,,,,,,,,
311,WR,NYG,Darnell Mooney,8,36.83,,,,,,,,,
312,WR,CHI,Zavion Thomas,10,30.58,,,,,,,,,
313,WR,LV,Malik Benson,13,29.67,,,,,,,,,
314,RB,DAL,Emari Demercado,14,28.45,,,,,,,,,
315,RB,JAC,LeQuint Allen,7,28.02,,,,,,,,,
316,RB,NO,Audric Estime,8,27.74,,,,,,,,,
317,QB,CIN,Joe Flacco,6,27,,,,,,,,,
318,RB,SF,Kyle Juszczyk,8,25.94,,,,,,,,,
319,QB,NYJ,Cade Klubnik,13,25.93,,,,,,,,,
320,QB,ARI,Carson Beck,14,25.33,,,,,,,,,
321,QB,JAC,Quinn Ewers,8,24.39,,,,,,,,,
322,QB,DET,Joshua Dobbs,6,24.29,,,,,,,,,
323,QB,BAL,Tyler Huntley,13,23.78,,,,,,,,,
324,QB,SF,Mac Jones,8,22.79,,,,,,,,,
325,RB,NO,Kendre Miller,8,22.41,,,,,,,,,
326,QB,MIN,J.J. McCarthy,6,20.54,,,,,,,,,
327,RB,MIN,Max Bredeson,6,19.94,,,,,,,,,
328,QB,DAL,Sam Howell,14,19.53,,,,,,,,,
329,QB,MIA,Kyle McCord,6,19.52,,,,,,,,,
330,QB,LAR,Ty Simpson,11,18.9,,,,,,,,,
331,RB,LV,Connor Heyward,14,18.79,,,,,,,,,
332,RB,UFA,Kareem Hunt,0,18.75,,,,,,,,,
333,QB,SEA,Drew Lock,11,63.56,,,,,,,,,
334,QB,MIN,Carson Wentz,6,17.46,,,,,,,,,
335,RB,DEN,Tyler Badie,10,16.19,,,,,,,,,
336,RB,LV,Dylan Laube,13,16.09,,,,,,,,,
337,DST,LAC,LA Chargers,7,139.47,,,,,,,,,
338,DST,BAL,Baltimore,13,139.34,,,,,,,,,
339,DST,JAC,Jacksonville,7,138.39,,,,,,,,,
340,K,SF,Eddy Pineiro,8,137.31,,,,,,,,,
341,K,TB,Chase McLaughlin,10,137.27,,,,,,,,,
342,DST,DET,Detroit,6,137.09,,,,,,,,,
343,K,GB,Trey Smack,11,135.55,,,,,,,,,
344,K,NE,Andy Borregales,11,135.48,,,,,,,,,
345,K,DET,Jake Bates,6,132.98,,,,,,,,,
346,DST,CHI,Chicago,10,132.84,,,,,,,,,
347,K,PIT,Chris Boswell,9,132.82,,,,,,,,,
348,K,DEN,Wil Lutz,10,132.6,,,,,,,,,
349,K,KC,Harrison Butker,5,131.99,,,,,,,,,
350,DST,TB,Tampa Bay,10,130.29,,,,,,,,,
351,DST,NYG,NY Giants,8,130.25,,,,,,,,,
352,DST,NO,New Orleans,8,129.85,,,,,,,,,
353,K,IND,Spencer Shrader,13,129.56,,,,,,,,,
354,DST,IND,Indianapolis,13,129.36,,,,,,,,,
355,K,BAL,Tyler Loop,13,128.39,,,,,,,,,
356,DST,KC,Kansas City,5,127.88,,,,,,,,,
357,DST,GB,Green Bay,11,127.8,,,,,,,,,
358,K,ATL,Nick Folk,11,127.7,,,,,,,,,
359,DST,SF,San Francisco,8,126.6,,,,,,,,,
360,DST,TEN,Tennessee,9,126.59,,,,,,,,,
361,K,CIN,Evan McPherson,6,123.96,,,,,,,,,
362,K,NO,Daniel Carlson,8,119.5,,,,,,,,,
363,K,BUF,Tyler Bass,7,117.58,,,,,,,,,
364,K,TEN,Joey Slye,9,117.41,,,,,,,,,
365,K,PHI,Jake Elliott,10,114.42,,,,,,,,,
366,K,CAR,Ryan Fitzgerald,5,107.74,,,,,,,,,
367,K,NYG,Dominic Zvada,8,106.5,,,,,,,,,
368,K,WAS,Drew Stevens,7,105.67,,,,,,,,,
369,K,CLE,Andre Szmyt,11,104.65,,,,,,,,,
370,K,LV,Matt Gay,13,104.33,,,,,,,,,
371,K,MIA,Riley Patterson,5,103.45,,,,,,,,,
